{
  "glossar": [
    {
      "organisation": "TRANS-AUSTRIA",
      "ort": "Österreich",
      "beschreibung": "Der Penis steht als Symbol für Männlichkeit und die Brust ist das Symbol für Weiblichkeit. Eine Möglichkeit das äussere Erscheinungsbild zeitweise anzugleichen, ohne operative Eingriffe, ist das Abbinden der Brüste. Dazu gibt es verschiedene Möglichkeiten, wie zum Beispiel eine einfache elastische Binde oder ein einfaches Kompressions-Shirts.",
      "link": "http://www.trans-austria.org/trans-austria/index.php?option=com_content&view=frontpage&Itemid=15"
    },
    {
      "organisation": "ES WIRD BESSER",
      "ort": "Österreich",
      "beschreibung": "Der Penis steht als Symbol für Männlichkeit und die Brust ist das Symbol für Weiblichkeit. Eine Möglichkeit das äussere Erscheinungsbild zeitweise anzugleichen, ohne operative Eingriffe, ist das Abbinden der Brüste. Dazu gibt es verschiedene Möglichkeiten, wie zum Beispiel eine einfache elastische Binde oder ein einfaches Kompressions-Shirts.",
      "link": "http://www.eswirdbesser.at/"
    },
    {
      "organisation": "TABERA",
      "ort": "Wien, NÖ, OÖ, BGLD",
      "beschreibung": "Der Penis steht als Symbol für Männlichkeit und die Brust ist das Symbol für Weiblichkeit. Eine Möglichkeit das äussere Erscheinungsbild zeitweise anzugleichen, ohne operative Eingriffe, ist das Abbinden der Brüste. Dazu gibt es verschiedene Möglichkeiten, wie zum Beispiel eine einfache elastische Binde oder ein einfaches Kompressions-Shirts.",
      "link": "http://tabera.at/"
    },
    {
      "organisation": "HOSI",
      "ort": "Linz",
      "beschreibung": "Der Penis steht als Symbol für Männlichkeit und die Brust ist das Symbol für Weiblichkeit. Eine Möglichkeit das äussere Erscheinungsbild zeitweise anzugleichen, ohne operative Eingriffe, ist das Abbinden der Brüste. Dazu gibt es verschiedene Möglichkeiten, wie zum Beispiel eine einfache elastische Binde oder ein einfaches Kompressions-Shirts.",
      "link": "http://www.hosilinz.at/hosi-linz/"
    },
    {
      "organisation": "QUEERIOSITY",
      "ort": "St. Pölten",
      "beschreibung": "Der Penis steht als Symbol für Männlichkeit und die Brust ist das Symbol für Weiblichkeit. Eine Möglichkeit das äussere Erscheinungsbild zeitweise anzugleichen, ohne operative Eingriffe, ist das Abbinden der Brüste. Dazu gibt es verschiedene Möglichkeiten, wie zum Beispiel eine einfache elastische Binde oder ein einfaches Kompressions-Shirts.",
      "link": "https://queeriosity.at"
    },
    {
      "organisation": "TRANSGENDER",
      "ort": "Salzburg",
      "beschreibung": "Der Penis steht als Symbol für Männlichkeit und die Brust ist das Symbol für Weiblichkeit. Eine Möglichkeit das äussere Erscheinungsbild zeitweise anzugleichen, ohne operative Eingriffe, ist das Abbinden der Brüste. Dazu gibt es verschiedene Möglichkeiten, wie zum Beispiel eine einfache elastische Binde oder ein einfaches Kompressions-Shirts.",
      "link": "http://salzburg.transgender.at/"
    },
    {
      "organisation": "TRANSGENDER",
      "ort": "Graz",
      "beschreibung": "Der Penis steht als Symbol für Männlichkeit und die Brust ist das Symbol für Weiblichkeit. Eine Möglichkeit das äussere Erscheinungsbild zeitweise anzugleichen, ohne operative Eingriffe, ist das Abbinden der Brüste. Dazu gibt es verschiedene Möglichkeiten, wie zum Beispiel eine einfache elastische Binde oder ein einfaches Kompressions-Shirts.",
      "link": "http://graz.transgender.at/"
    },
    {
      "organisation": "TRANSGENDER",
      "ort": "Klagenfurt",
      "beschreibung": "Der Penis steht als Symbol für Männlichkeit und die Brust ist das Symbol für Weiblichkeit. Eine Möglichkeit das äussere Erscheinungsbild zeitweise anzugleichen, ohne operative Eingriffe, ist das Abbinden der Brüste. Dazu gibt es verschiedene Möglichkeiten, wie zum Beispiel eine einfache elastische Binde oder ein einfaches Kompressions-Shirts.",
      "link": "http://ktn.transgender.at/"
    },
    {
      "organisation": "HOSI",
      "ort": "Innsbruck",
      "beschreibung": "Der Penis steht als Symbol für Männlichkeit und die Brust ist das Symbol für Weiblichkeit. Eine Möglichkeit das äussere Erscheinungsbild zeitweise anzugleichen, ohne operative Eingriffe, ist das Abbinden der Brüste. Dazu gibt es verschiedene Möglichkeiten, wie zum Beispiel eine einfache elastische Binde oder ein einfaches Kompressions-Shirts.",
      "link": "http://www.hositirol.at/"
    },
    {
      "organisation": "QUEERAMNESTY",
      "ort": "Wien",
      "beschreibung": "Der Penis steht als Symbol für Männlichkeit und die Brust ist das Symbol für Weiblichkeit. Eine Möglichkeit das äussere Erscheinungsbild zeitweise anzugleichen, ohne operative Eingriffe, ist das Abbinden der Brüste. Dazu gibt es verschiedene Möglichkeiten, wie zum Beispiel eine einfache elastische Binde oder ein einfaches Kompressions-Shirts.",
      "link": "http://www.queeramnesty.at"
    },
    {
      "organisation": "DIE VILLA",
      "ort": "Wien",
      "beschreibung": "ohne operative Eingriffe, ist das Abbinden der Brüste. Dazu gibt es verschiedene Möglichkeiten, wie zum Beispiel eine einfache elastische Binde oder ein einfaches Kompressions-Shirts.",
      "link": "https://dievilla.at"
    },
    {
      "organisation": "TRANSX",
      "ort": "Wien",
      "beschreibung": "ohne operative Eingriffe, ist das Abbinden der Brüste. Dazu gibt es verschiedene Möglichkeiten, wie zum Beispiel eine einfache elastische Binde oder ein einfaches Kompressions-Shirts.",
      "link": "http://www.transx.at/index.php"
    },
    {
      "organisation": "QUEERCONNEXION",
      "ort": "Wien",
      "beschreibung": "ohne operative Eingriffe, ist das Abbinden der Brüste. Dazu gibt es verschiedene Möglichkeiten, wie zum Beispiel eine einfache elastische Binde oder ein einfaches Kompressions-Shirts.",
      "link": "http://www.queerconnexion.at"
    }


  ]


}
